SupplierID,Company_Name,Service_Type,ContactPhone
1,Supplier 1,Gear,03-4078577
2,Supplier 2,Gear,03-6795754
3,Supplier 3,Gear,03-9980072
4,Supplier 4,Food,03-4192879
5,Supplier 5,Bus,03-7515170
6,Supplier 6,Gear,03-5843506
7,Supplier 7,Gear,03-9709381
8,Supplier 8,Bus,03-2743346
9,Supplier 9,Gear,03-7933707
10,Supplier 10,Food,03-1755622
11,Supplier 11,Food,03-9113422
12,Supplier 12,Food,03-7771820
13,Supplier 13,Gear,03-3888159
14,Supplier 14,Food,03-5443942
15,Supplier 15,Bus,03-3835417
16,Supplier 16,Bus,03-1889284
17,Supplier 17,Food,03-7023339
18,Supplier 18,Food,03-2935147
19,Supplier 19,Bus,03-6976245
20,Supplier 20,Bus,03-7212247
21,Supplier 21,Bus,03-1345460
22,Supplier 22,Gear,03-9509553
23,Supplier 23,Gear,03-3094964
24,Supplier 24,Gear,03-8069479
25,Supplier 25,Food,03-6142075
26,Supplier 26,Food,03-1430990
27,Supplier 27,Food,03-7346281
28,Supplier 28,Gear,03-1670396
29,Supplier 29,Food,03-3643309
30,Supplier 30,Gear,03-7722620
31,Supplier 31,Food,03-9363120
32,Supplier 32,Food,03-5429774
33,Supplier 33,Gear,03-2985812
34,Supplier 34,Bus,03-3659033
35,Supplier 35,Bus,03-1855349
36,Supplier 36,Food,03-5444468
37,Supplier 37,Gear,03-9220843
38,Supplier 38,Bus,03-7014271
39,Supplier 39,Bus,03-4569139
40,Supplier 40,Gear,03-5513026
41,Supplier 41,Food,03-2520405
42,Supplier 42,Food,03-6535254
43,Supplier 43,Gear,03-7353938
44,Supplier 44,Gear,03-7942878
45,Supplier 45,Bus,03-1060555
46,Supplier 46,Food,03-9463535
47,Supplier 47,Gear,03-2125017
48,Supplier 48,Gear,03-3444721
49,Supplier 49,Food,03-7118266
50,Supplier 50,Gear,03-9738837
51,Supplier 51,Bus,03-1191016
52,Supplier 52,Gear,03-3205408
53,Supplier 53,Food,03-1042109
54,Supplier 54,Gear,03-2307256
55,Supplier 55,Gear,03-5784840
56,Supplier 56,Bus,03-5492013
57,Supplier 57,Food,03-5496278
58,Supplier 58,Bus,03-1699902
59,Supplier 59,Food,03-4419448
60,Supplier 60,Gear,03-7380304
61,Supplier 61,Food,03-8263686
62,Supplier 62,Bus,03-6015687
63,Supplier 63,Bus,03-7737227
64,Supplier 64,Bus,03-5847521
65,Supplier 65,Bus,03-9755271
66,Supplier 66,Gear,03-9498124
67,Supplier 67,Food,03-1747293
68,Supplier 68,Food,03-7330895
69,Supplier 69,Gear,03-7779804
70,Supplier 70,Food,03-2321455
71,Supplier 71,Bus,03-4787369
72,Supplier 72,Food,03-4116939
73,Supplier 73,Food,03-2868135
74,Supplier 74,Bus,03-5773835
75,Supplier 75,Food,03-4377091
76,Supplier 76,Food,03-7441586
77,Supplier 77,Food,03-5649339
78,Supplier 78,Food,03-9478583
79,Supplier 79,Gear,03-5857844
80,Supplier 80,Food,03-3414525
81,Supplier 81,Food,03-6262017
82,Supplier 82,Bus,03-5389937
83,Supplier 83,Bus,03-8459359
84,Supplier 84,Food,03-2361083
85,Supplier 85,Bus,03-3480926
86,Supplier 86,Bus,03-7187574
87,Supplier 87,Bus,03-1684538
88,Supplier 88,Gear,03-4584801
89,Supplier 89,Bus,03-3588323
90,Supplier 90,Food,03-9790104
91,Supplier 91,Bus,03-3495409
92,Supplier 92,Bus,03-8320073
93,Supplier 93,Gear,03-9180823
94,Supplier 94,Food,03-6606947
95,Supplier 95,Food,03-1920299
96,Supplier 96,Bus,03-5536193
97,Supplier 97,Bus,03-1442420
98,Supplier 98,Food,03-7644723
99,Supplier 99,Bus,03-5359645
100,Supplier 100,Food,03-3745311
101,Supplier 101,Gear,03-8050274
102,Supplier 102,Bus,03-8615436
103,Supplier 103,Bus,03-6574214
104,Supplier 104,Food,03-5491116
105,Supplier 105,Gear,03-9178818
106,Supplier 106,Gear,03-7708501
107,Supplier 107,Bus,03-4588943
108,Supplier 108,Food,03-5329811
109,Supplier 109,Gear,03-5058888
110,Supplier 110,Food,03-5702375
111,Supplier 111,Gear,03-2184513
112,Supplier 112,Food,03-5906758
113,Supplier 113,Food,03-4405819
114,Supplier 114,Gear,03-8238702
115,Supplier 115,Food,03-2924520
116,Supplier 116,Food,03-5278102
117,Supplier 117,Bus,03-4190496
118,Supplier 118,Gear,03-4305637
119,Supplier 119,Food,03-7256554
120,Supplier 120,Gear,03-8139839
121,Supplier 121,Food,03-9186930
122,Supplier 122,Food,03-1510289
123,Supplier 123,Food,03-2714554
124,Supplier 124,Bus,03-9754634
125,Supplier 125,Gear,03-1465916
126,Supplier 126,Food,03-7985322
127,Supplier 127,Gear,03-4342659
128,Supplier 128,Gear,03-3323973
129,Supplier 129,Food,03-6136558
130,Supplier 130,Bus,03-3171356
131,Supplier 131,Bus,03-4645988
132,Supplier 132,Gear,03-1707228
133,Supplier 133,Bus,03-7318773
134,Supplier 134,Food,03-8637448
135,Supplier 135,Bus,03-6466297
136,Supplier 136,Food,03-2993898
137,Supplier 137,Bus,03-6871005
138,Supplier 138,Gear,03-7799300
139,Supplier 139,Bus,03-6269705
140,Supplier 140,Food,03-2957092
141,Supplier 141,Bus,03-4009048
142,Supplier 142,Bus,03-1860315
143,Supplier 143,Gear,03-1275296
144,Supplier 144,Food,03-6564195
145,Supplier 145,Gear,03-9538466
146,Supplier 146,Food,03-9002720
147,Supplier 147,Gear,03-9595649
148,Supplier 148,Gear,03-1368718
149,Supplier 149,Food,03-2792146
150,Supplier 150,Food,03-3444713
151,Supplier 151,Food,03-4689868
152,Supplier 152,Food,03-7601530
153,Supplier 153,Gear,03-2786672
154,Supplier 154,Bus,03-8746048
155,Supplier 155,Bus,03-1290142
156,Supplier 156,Gear,03-7390899
157,Supplier 157,Bus,03-9700174
158,Supplier 158,Bus,03-4710377
159,Supplier 159,Gear,03-2430848
160,Supplier 160,Bus,03-5457497
161,Supplier 161,Gear,03-6639248
162,Supplier 162,Gear,03-9331362
163,Supplier 163,Food,03-9148837
164,Supplier 164,Gear,03-6574079
165,Supplier 165,Food,03-8377186
166,Supplier 166,Gear,03-7039688
167,Supplier 167,Gear,03-5373307
168,Supplier 168,Food,03-4014237
169,Supplier 169,Food,03-4789857
170,Supplier 170,Gear,03-1300128
171,Supplier 171,Food,03-6672484
172,Supplier 172,Bus,03-4408146
173,Supplier 173,Gear,03-9618957
174,Supplier 174,Bus,03-6334798
175,Supplier 175,Gear,03-8949736
176,Supplier 176,Gear,03-1560930
177,Supplier 177,Bus,03-4900349
178,Supplier 178,Bus,03-3715666
179,Supplier 179,Food,03-2695456
180,Supplier 180,Bus,03-7968567
181,Supplier 181,Bus,03-9499559
182,Supplier 182,Gear,03-6522298
183,Supplier 183,Food,03-1961281
184,Supplier 184,Food,03-9332497
185,Supplier 185,Food,03-4133423
186,Supplier 186,Gear,03-1810453
187,Supplier 187,Food,03-7785705
188,Supplier 188,Bus,03-3528062
189,Supplier 189,Food,03-2434906
190,Supplier 190,Bus,03-8251480
191,Supplier 191,Bus,03-6358502
192,Supplier 192,Bus,03-2048100
193,Supplier 193,Bus,03-5474623
194,Supplier 194,Bus,03-4347797
195,Supplier 195,Food,03-7394498
196,Supplier 196,Food,03-7743598
197,Supplier 197,Gear,03-5472020
198,Supplier 198,Bus,03-4322934
199,Supplier 199,Bus,03-9747990
200,Supplier 200,Gear,03-4064435
201,Supplier 201,Food,03-6156936
202,Supplier 202,Food,03-8732905
203,Supplier 203,Food,03-1425160
204,Supplier 204,Food,03-2923843
205,Supplier 205,Bus,03-9391177
206,Supplier 206,Gear,03-1375058
207,Supplier 207,Food,03-9861329
208,Supplier 208,Food,03-5697358
209,Supplier 209,Gear,03-9847485
210,Supplier 210,Gear,03-3106220
211,Supplier 211,Bus,03-1962883
212,Supplier 212,Bus,03-1378379
213,Supplier 213,Food,03-7914230
214,Supplier 214,Food,03-1972175
215,Supplier 215,Food,03-7541688
216,Supplier 216,Food,03-7554816
217,Supplier 217,Bus,03-3252112
218,Supplier 218,Gear,03-7814729
219,Supplier 219,Food,03-1663139
220,Supplier 220,Bus,03-7191964
221,Supplier 221,Gear,03-9916140
222,Supplier 222,Bus,03-2626777
223,Supplier 223,Bus,03-9307908
224,Supplier 224,Bus,03-3844312
225,Supplier 225,Bus,03-7365744
226,Supplier 226,Food,03-8439573
227,Supplier 227,Gear,03-8155672
228,Supplier 228,Food,03-1009733
229,Supplier 229,Gear,03-9845146
230,Supplier 230,Bus,03-7659888
231,Supplier 231,Food,03-4041551
232,Supplier 232,Food,03-3634249
233,Supplier 233,Gear,03-5770785
234,Supplier 234,Gear,03-6863364
235,Supplier 235,Bus,03-6257292
236,Supplier 236,Gear,03-2601479
237,Supplier 237,Bus,03-9360290
238,Supplier 238,Gear,03-1433846
239,Supplier 239,Bus,03-8573484
240,Supplier 240,Bus,03-6325615
241,Supplier 241,Gear,03-3951165
242,Supplier 242,Bus,03-6243076
243,Supplier 243,Gear,03-9961485
244,Supplier 244,Gear,03-2389081
245,Supplier 245,Gear,03-9473354
246,Supplier 246,Gear,03-9253660
247,Supplier 247,Food,03-4690353
248,Supplier 248,Bus,03-5025080
249,Supplier 249,Bus,03-2657843
250,Supplier 250,Bus,03-8692561
251,Supplier 251,Food,03-5188444
252,Supplier 252,Gear,03-1329102
253,Supplier 253,Gear,03-8219242
254,Supplier 254,Bus,03-4672689
255,Supplier 255,Bus,03-8298001
256,Supplier 256,Gear,03-6502206
257,Supplier 257,Bus,03-3255148
258,Supplier 258,Bus,03-1623351
259,Supplier 259,Bus,03-4548914
260,Supplier 260,Bus,03-2054472
261,Supplier 261,Bus,03-6537749
262,Supplier 262,Gear,03-7344093
263,Supplier 263,Bus,03-6121690
264,Supplier 264,Gear,03-2141395
265,Supplier 265,Food,03-8850903
266,Supplier 266,Bus,03-2535160
267,Supplier 267,Bus,03-9201118
268,Supplier 268,Bus,03-8337582
269,Supplier 269,Gear,03-7810323
270,Supplier 270,Gear,03-3667314
271,Supplier 271,Food,03-4517405
272,Supplier 272,Bus,03-2952226
273,Supplier 273,Gear,03-2286894
274,Supplier 274,Bus,03-3312563
275,Supplier 275,Gear,03-8944307
276,Supplier 276,Bus,03-5338257
277,Supplier 277,Gear,03-2476951
278,Supplier 278,Bus,03-7400311
279,Supplier 279,Food,03-4821449
280,Supplier 280,Gear,03-3683831
281,Supplier 281,Gear,03-3992027
282,Supplier 282,Bus,03-9922536
283,Supplier 283,Bus,03-1311838
284,Supplier 284,Food,03-7687820
285,Supplier 285,Gear,03-6497748
286,Supplier 286,Bus,03-5125873
287,Supplier 287,Gear,03-8723908
288,Supplier 288,Bus,03-7275556
289,Supplier 289,Bus,03-2838301
290,Supplier 290,Bus,03-4570347
291,Supplier 291,Bus,03-2902454
292,Supplier 292,Bus,03-8564286
293,Supplier 293,Food,03-6426361
294,Supplier 294,Bus,03-2892218
295,Supplier 295,Gear,03-6318688
296,Supplier 296,Food,03-9554155
297,Supplier 297,Food,03-6832038
298,Supplier 298,Bus,03-8589584
299,Supplier 299,Food,03-1176704
300,Supplier 300,Food,03-9669070
301,Supplier 301,Gear,03-6593502
302,Supplier 302,Bus,03-5908708
303,Supplier 303,Gear,03-3814464
304,Supplier 304,Food,03-2184080
305,Supplier 305,Gear,03-6313982
306,Supplier 306,Gear,03-8484392
307,Supplier 307,Gear,03-1104499
308,Supplier 308,Gear,03-7377406
309,Supplier 309,Bus,03-4544028
310,Supplier 310,Food,03-7112636
311,Supplier 311,Gear,03-7757539
312,Supplier 312,Food,03-1877057
313,Supplier 313,Gear,03-5295236
314,Supplier 314,Bus,03-9424543
315,Supplier 315,Gear,03-2646760
316,Supplier 316,Food,03-5801187
317,Supplier 317,Gear,03-6528671
318,Supplier 318,Bus,03-7757491
319,Supplier 319,Bus,03-4955557
320,Supplier 320,Bus,03-8659460
321,Supplier 321,Bus,03-4197024
322,Supplier 322,Food,03-2006928
323,Supplier 323,Bus,03-3440472
324,Supplier 324,Bus,03-7861870
325,Supplier 325,Bus,03-7613020
326,Supplier 326,Bus,03-9214752
327,Supplier 327,Bus,03-5558377
328,Supplier 328,Bus,03-2083642
329,Supplier 329,Bus,03-2833002
330,Supplier 330,Food,03-9590923
331,Supplier 331,Gear,03-4156305
332,Supplier 332,Gear,03-5953773
333,Supplier 333,Food,03-5798286
334,Supplier 334,Bus,03-2496234
335,Supplier 335,Food,03-4670828
336,Supplier 336,Gear,03-1441990
337,Supplier 337,Food,03-3252362
338,Supplier 338,Bus,03-7269832
339,Supplier 339,Food,03-4623798
340,Supplier 340,Food,03-6406882
341,Supplier 341,Food,03-2160696
342,Supplier 342,Food,03-8722364
343,Supplier 343,Food,03-4981169
344,Supplier 344,Food,03-2320112
345,Supplier 345,Food,03-7462060
346,Supplier 346,Gear,03-8620419
347,Supplier 347,Food,03-8714566
348,Supplier 348,Bus,03-4969442
349,Supplier 349,Food,03-7436984
350,Supplier 350,Bus,03-8888213
351,Supplier 351,Food,03-2003178
352,Supplier 352,Gear,03-8011589
353,Supplier 353,Food,03-2813086
354,Supplier 354,Gear,03-3230470
355,Supplier 355,Food,03-4410843
356,Supplier 356,Gear,03-5419645
357,Supplier 357,Food,03-1509431
358,Supplier 358,Bus,03-5509454
359,Supplier 359,Bus,03-4695106
360,Supplier 360,Bus,03-3421995
361,Supplier 361,Gear,03-9906770
362,Supplier 362,Food,03-2916233
363,Supplier 363,Gear,03-3376660
364,Supplier 364,Gear,03-4463893
365,Supplier 365,Bus,03-5095096
366,Supplier 366,Gear,03-2228861
367,Supplier 367,Food,03-5092766
368,Supplier 368,Food,03-8617857
369,Supplier 369,Food,03-9436468
370,Supplier 370,Gear,03-3256202
371,Supplier 371,Gear,03-3405454
372,Supplier 372,Food,03-6718525
373,Supplier 373,Food,03-9025987
374,Supplier 374,Food,03-2053944
375,Supplier 375,Bus,03-6224254
376,Supplier 376,Gear,03-1512652
377,Supplier 377,Food,03-6750921
378,Supplier 378,Bus,03-6609940
379,Supplier 379,Bus,03-3070397
380,Supplier 380,Bus,03-3382479
381,Supplier 381,Food,03-4220905
382,Supplier 382,Food,03-1494723
383,Supplier 383,Gear,03-9825684
384,Supplier 384,Bus,03-2128076
385,Supplier 385,Gear,03-1976209
386,Supplier 386,Bus,03-8730142
387,Supplier 387,Food,03-6038266
388,Supplier 388,Food,03-3548908
389,Supplier 389,Gear,03-6299001
390,Supplier 390,Food,03-5274158
391,Supplier 391,Gear,03-2724701
392,Supplier 392,Food,03-9054511
393,Supplier 393,Bus,03-6293312
394,Supplier 394,Food,03-8176442
395,Supplier 395,Food,03-3458772
396,Supplier 396,Food,03-8515958
397,Supplier 397,Food,03-8382666
398,Supplier 398,Food,03-4443393
399,Supplier 399,Food,03-1995051
400,Supplier 400,Food,03-6378084
401,Supplier 401,Food,03-2755292
402,Supplier 402,Bus,03-5419702
403,Supplier 403,Bus,03-3918033
404,Supplier 404,Food,03-2336506
405,Supplier 405,Gear,03-9648608
406,Supplier 406,Gear,03-3716891
407,Supplier 407,Food,03-9427395
408,Supplier 408,Food,03-3054622
409,Supplier 409,Food,03-1223357
410,Supplier 410,Food,03-7718951
411,Supplier 411,Bus,03-9057026
412,Supplier 412,Gear,03-6384082
413,Supplier 413,Bus,03-3405104
414,Supplier 414,Bus,03-7125481
415,Supplier 415,Bus,03-6667134
416,Supplier 416,Bus,03-3218627
417,Supplier 417,Gear,03-4100442
418,Supplier 418,Food,03-7245398
419,Supplier 419,Gear,03-9283130
420,Supplier 420,Gear,03-1489932
421,Supplier 421,Bus,03-5785694
422,Supplier 422,Gear,03-9303111
423,Supplier 423,Food,03-9187944
424,Supplier 424,Bus,03-5174080
425,Supplier 425,Food,03-4279796
426,Supplier 426,Bus,03-6618186
427,Supplier 427,Gear,03-2116549
428,Supplier 428,Gear,03-1012067
429,Supplier 429,Bus,03-8728439
430,Supplier 430,Gear,03-9292158
431,Supplier 431,Food,03-6843765
432,Supplier 432,Gear,03-8753425
433,Supplier 433,Bus,03-8099485
434,Supplier 434,Gear,03-3506950
435,Supplier 435,Food,03-6719521
436,Supplier 436,Gear,03-9177901
437,Supplier 437,Gear,03-7274504
438,Supplier 438,Gear,03-6941412
439,Supplier 439,Gear,03-6611294
440,Supplier 440,Bus,03-9361091
441,Supplier 441,Bus,03-3183708
442,Supplier 442,Food,03-6826135
443,Supplier 443,Gear,03-4902543
444,Supplier 444,Food,03-6489160
445,Supplier 445,Bus,03-8849767
446,Supplier 446,Bus,03-3302703
447,Supplier 447,Food,03-6160272
448,Supplier 448,Bus,03-9809819
449,Supplier 449,Bus,03-3230502
450,Supplier 450,Gear,03-6121624
451,Supplier 451,Bus,03-7786605
452,Supplier 452,Bus,03-6922904
453,Supplier 453,Food,03-1654297
454,Supplier 454,Bus,03-3960790
455,Supplier 455,Bus,03-3837442
456,Supplier 456,Food,03-4560469
457,Supplier 457,Bus,03-7323391
458,Supplier 458,Bus,03-9291017
459,Supplier 459,Gear,03-1089538
460,Supplier 460,Food,03-4539725
461,Supplier 461,Bus,03-2291489
462,Supplier 462,Gear,03-1395216
463,Supplier 463,Bus,03-9978526
464,Supplier 464,Gear,03-5044823
465,Supplier 465,Gear,03-9190243
466,Supplier 466,Bus,03-8921829
467,Supplier 467,Bus,03-4651003
468,Supplier 468,Gear,03-3713450
469,Supplier 469,Bus,03-8060731
470,Supplier 470,Food,03-9243298
471,Supplier 471,Food,03-6997245
472,Supplier 472,Food,03-8622647
473,Supplier 473,Food,03-7544839
474,Supplier 474,Food,03-1720977
475,Supplier 475,Gear,03-7599139
476,Supplier 476,Bus,03-8683317
477,Supplier 477,Food,03-6477398
478,Supplier 478,Food,03-9606743
479,Supplier 479,Gear,03-6846068
480,Supplier 480,Gear,03-3324772
481,Supplier 481,Food,03-9604281
482,Supplier 482,Gear,03-2588726
483,Supplier 483,Food,03-9681523
484,Supplier 484,Food,03-2664999
485,Supplier 485,Food,03-1500299
486,Supplier 486,Bus,03-1755663
487,Supplier 487,Gear,03-2278657
488,Supplier 488,Gear,03-6094179
489,Supplier 489,Food,03-9457840
490,Supplier 490,Bus,03-3954022
491,Supplier 491,Food,03-7995771
492,Supplier 492,Food,03-5732970
493,Supplier 493,Gear,03-5910199
494,Supplier 494,Gear,03-8606008
495,Supplier 495,Bus,03-7058854
496,Supplier 496,Food,03-2332542
497,Supplier 497,Bus,03-2520528
498,Supplier 498,Gear,03-2265441
499,Supplier 499,Food,03-7474532
500,Supplier 500,Gear,03-9270955
