Departure_Date_Time,Arrival_Date_Time,TransportID,TripID
2025-01-01 08:00:00,2025-01-01 18:00:00,323,806
2025-01-01 08:00:00,2025-01-01 18:00:00,368,796
2025-01-01 08:00:00,2025-01-01 18:00:00,170,992
2025-01-01 08:00:00,2025-01-01 18:00:00,408,492
2025-01-01 08:00:00,2025-01-01 18:00:00,400,70
2025-01-01 08:00:00,2025-01-01 18:00:00,387,342
2025-01-01 08:00:00,2025-01-01 18:00:00,80,747
2025-01-01 08:00:00,2025-01-01 18:00:00,46,935
2025-01-01 08:00:00,2025-01-01 18:00:00,425,200
2025-01-01 08:00:00,2025-01-01 18:00:00,135,188
2025-01-01 08:00:00,2025-01-01 18:00:00,16,557
2025-01-01 08:00:00,2025-01-01 18:00:00,335,820
2025-01-01 08:00:00,2025-01-01 18:00:00,34,841
2025-01-01 08:00:00,2025-01-01 18:00:00,101,216
2025-01-01 08:00:00,2025-01-01 18:00:00,43,617
2025-01-01 08:00:00,2025-01-01 18:00:00,324,430
2025-01-01 08:00:00,2025-01-01 18:00:00,18,207
2025-01-01 08:00:00,2025-01-01 18:00:00,290,991
2025-01-01 08:00:00,2025-01-01 18:00:00,270,151
2025-01-01 08:00:00,2025-01-01 18:00:00,331,937
2025-01-01 08:00:00,2025-01-01 18:00:00,266,299
2025-01-01 08:00:00,2025-01-01 18:00:00,250,751
2025-01-01 08:00:00,2025-01-01 18:00:00,205,110
2025-01-01 08:00:00,2025-01-01 18:00:00,168,579
2025-01-01 08:00:00,2025-01-01 18:00:00,418,1
2025-01-01 08:00:00,2025-01-01 18:00:00,70,661
2025-01-01 08:00:00,2025-01-01 18:00:00,342,129
2025-01-01 08:00:00,2025-01-01 18:00:00,177,204
2025-01-01 08:00:00,2025-01-01 18:00:00,144,732
2025-01-01 08:00:00,2025-01-01 18:00:00,383,786
2025-01-01 08:00:00,2025-01-01 18:00:00,21,611
2025-01-01 08:00:00,2025-01-01 18:00:00,389,306
2025-01-01 08:00:00,2025-01-01 18:00:00,368,972
2025-01-01 08:00:00,2025-01-01 18:00:00,496,609
2025-01-01 08:00:00,2025-01-01 18:00:00,298,633
2025-01-01 08:00:00,2025-01-01 18:00:00,441,931
2025-01-01 08:00:00,2025-01-01 18:00:00,474,722
2025-01-01 08:00:00,2025-01-01 18:00:00,196,827
2025-01-01 08:00:00,2025-01-01 18:00:00,424,446
2025-01-01 08:00:00,2025-01-01 18:00:00,353,807
2025-01-01 08:00:00,2025-01-01 18:00:00,289,772
2025-01-01 08:00:00,2025-01-01 18:00:00,349,232
2025-01-01 08:00:00,2025-01-01 18:00:00,384,483
2025-01-01 08:00:00,2025-01-01 18:00:00,132,932
2025-01-01 08:00:00,2025-01-01 18:00:00,142,143
2025-01-01 08:00:00,2025-01-01 18:00:00,367,991
2025-01-01 08:00:00,2025-01-01 18:00:00,434,564
2025-01-01 08:00:00,2025-01-01 18:00:00,153,519
2025-01-01 08:00:00,2025-01-01 18:00:00,68,769
2025-01-01 08:00:00,2025-01-01 18:00:00,443,692
2025-01-01 08:00:00,2025-01-01 18:00:00,322,702
2025-01-01 08:00:00,2025-01-01 18:00:00,235,892
2025-01-01 08:00:00,2025-01-01 18:00:00,475,921
2025-01-01 08:00:00,2025-01-01 18:00:00,286,970
2025-01-01 08:00:00,2025-01-01 18:00:00,227,385
2025-01-01 08:00:00,2025-01-01 18:00:00,470,517
2025-01-01 08:00:00,2025-01-01 18:00:00,51,66
2025-01-01 08:00:00,2025-01-01 18:00:00,48,695
2025-01-01 08:00:00,2025-01-01 18:00:00,124,1000
2025-01-01 08:00:00,2025-01-01 18:00:00,96,131
2025-01-01 08:00:00,2025-01-01 18:00:00,68,143
2025-01-01 08:00:00,2025-01-01 18:00:00,283,772
2025-01-01 08:00:00,2025-01-01 18:00:00,39,175
2025-01-01 08:00:00,2025-01-01 18:00:00,142,230
2025-01-01 08:00:00,2025-01-01 18:00:00,273,96
2025-01-01 08:00:00,2025-01-01 18:00:00,56,750
2025-01-01 08:00:00,2025-01-01 18:00:00,391,888
2025-01-01 08:00:00,2025-01-01 18:00:00,234,815
2025-01-01 08:00:00,2025-01-01 18:00:00,290,13
2025-01-01 08:00:00,2025-01-01 18:00:00,157,257
2025-01-01 08:00:00,2025-01-01 18:00:00,23,687
2025-01-01 08:00:00,2025-01-01 18:00:00,143,238
2025-01-01 08:00:00,2025-01-01 18:00:00,177,269
2025-01-01 08:00:00,2025-01-01 18:00:00,155,105
2025-01-01 08:00:00,2025-01-01 18:00:00,321,547
2025-01-01 08:00:00,2025-01-01 18:00:00,325,778
2025-01-01 08:00:00,2025-01-01 18:00:00,451,415
2025-01-01 08:00:00,2025-01-01 18:00:00,322,101
2025-01-01 08:00:00,2025-01-01 18:00:00,303,306
2025-01-01 08:00:00,2025-01-01 18:00:00,468,24
2025-01-01 08:00:00,2025-01-01 18:00:00,7,628
2025-01-01 08:00:00,2025-01-01 18:00:00,292,119
2025-01-01 08:00:00,2025-01-01 18:00:00,465,246
2025-01-01 08:00:00,2025-01-01 18:00:00,313,185
2025-01-01 08:00:00,2025-01-01 18:00:00,351,182
2025-01-01 08:00:00,2025-01-01 18:00:00,275,151
2025-01-01 08:00:00,2025-01-01 18:00:00,341,680
2025-01-01 08:00:00,2025-01-01 18:00:00,242,805
2025-01-01 08:00:00,2025-01-01 18:00:00,243,444
2025-01-01 08:00:00,2025-01-01 18:00:00,470,140
2025-01-01 08:00:00,2025-01-01 18:00:00,30,596
2025-01-01 08:00:00,2025-01-01 18:00:00,374,172
2025-01-01 08:00:00,2025-01-01 18:00:00,176,682
2025-01-01 08:00:00,2025-01-01 18:00:00,428,904
2025-01-01 08:00:00,2025-01-01 18:00:00,216,469
2025-01-01 08:00:00,2025-01-01 18:00:00,494,260
2025-01-01 08:00:00,2025-01-01 18:00:00,366,203
2025-01-01 08:00:00,2025-01-01 18:00:00,488,152
2025-01-01 08:00:00,2025-01-01 18:00:00,481,88
2025-01-01 08:00:00,2025-01-01 18:00:00,40,301
2025-01-01 08:00:00,2025-01-01 18:00:00,500,741
2025-01-01 08:00:00,2025-01-01 18:00:00,162,192
2025-01-01 08:00:00,2025-01-01 18:00:00,56,770
2025-01-01 08:00:00,2025-01-01 18:00:00,410,961
2025-01-01 08:00:00,2025-01-01 18:00:00,231,796
2025-01-01 08:00:00,2025-01-01 18:00:00,243,789
2025-01-01 08:00:00,2025-01-01 18:00:00,446,966
2025-01-01 08:00:00,2025-01-01 18:00:00,398,309
2025-01-01 08:00:00,2025-01-01 18:00:00,390,487
2025-01-01 08:00:00,2025-01-01 18:00:00,179,404
2025-01-01 08:00:00,2025-01-01 18:00:00,407,164
2025-01-01 08:00:00,2025-01-01 18:00:00,490,157
2025-01-01 08:00:00,2025-01-01 18:00:00,359,235
2025-01-01 08:00:00,2025-01-01 18:00:00,475,136
2025-01-01 08:00:00,2025-01-01 18:00:00,473,435
2025-01-01 08:00:00,2025-01-01 18:00:00,62,938
2025-01-01 08:00:00,2025-01-01 18:00:00,50,728
2025-01-01 08:00:00,2025-01-01 18:00:00,393,424
2025-01-01 08:00:00,2025-01-01 18:00:00,41,297
2025-01-01 08:00:00,2025-01-01 18:00:00,50,834
2025-01-01 08:00:00,2025-01-01 18:00:00,216,792
2025-01-01 08:00:00,2025-01-01 18:00:00,421,103
2025-01-01 08:00:00,2025-01-01 18:00:00,420,940
2025-01-01 08:00:00,2025-01-01 18:00:00,421,79
2025-01-01 08:00:00,2025-01-01 18:00:00,370,170
2025-01-01 08:00:00,2025-01-01 18:00:00,23,455
2025-01-01 08:00:00,2025-01-01 18:00:00,335,244
2025-01-01 08:00:00,2025-01-01 18:00:00,73,824
2025-01-01 08:00:00,2025-01-01 18:00:00,155,487
2025-01-01 08:00:00,2025-01-01 18:00:00,186,251
2025-01-01 08:00:00,2025-01-01 18:00:00,334,350
2025-01-01 08:00:00,2025-01-01 18:00:00,353,890
2025-01-01 08:00:00,2025-01-01 18:00:00,437,681
2025-01-01 08:00:00,2025-01-01 18:00:00,296,572
2025-01-01 08:00:00,2025-01-01 18:00:00,163,501
2025-01-01 08:00:00,2025-01-01 18:00:00,223,860
2025-01-01 08:00:00,2025-01-01 18:00:00,499,190
2025-01-01 08:00:00,2025-01-01 18:00:00,274,308
2025-01-01 08:00:00,2025-01-01 18:00:00,304,824
2025-01-01 08:00:00,2025-01-01 18:00:00,42,881
2025-01-01 08:00:00,2025-01-01 18:00:00,470,36
2025-01-01 08:00:00,2025-01-01 18:00:00,53,500
2025-01-01 08:00:00,2025-01-01 18:00:00,7,967
2025-01-01 08:00:00,2025-01-01 18:00:00,156,75
2025-01-01 08:00:00,2025-01-01 18:00:00,216,462
2025-01-01 08:00:00,2025-01-01 18:00:00,217,254
2025-01-01 08:00:00,2025-01-01 18:00:00,92,797
2025-01-01 08:00:00,2025-01-01 18:00:00,219,174
2025-01-01 08:00:00,2025-01-01 18:00:00,63,42
2025-01-01 08:00:00,2025-01-01 18:00:00,393,977
2025-01-01 08:00:00,2025-01-01 18:00:00,348,694
2025-01-01 08:00:00,2025-01-01 18:00:00,198,331
2025-01-01 08:00:00,2025-01-01 18:00:00,51,237
2025-01-01 08:00:00,2025-01-01 18:00:00,350,360
2025-01-01 08:00:00,2025-01-01 18:00:00,179,588
2025-01-01 08:00:00,2025-01-01 18:00:00,196,37
2025-01-01 08:00:00,2025-01-01 18:00:00,493,584
2025-01-01 08:00:00,2025-01-01 18:00:00,278,249
2025-01-01 08:00:00,2025-01-01 18:00:00,373,915
2025-01-01 08:00:00,2025-01-01 18:00:00,138,393
2025-01-01 08:00:00,2025-01-01 18:00:00,143,728
2025-01-01 08:00:00,2025-01-01 18:00:00,197,993
2025-01-01 08:00:00,2025-01-01 18:00:00,149,170
2025-01-01 08:00:00,2025-01-01 18:00:00,7,886
2025-01-01 08:00:00,2025-01-01 18:00:00,341,28
2025-01-01 08:00:00,2025-01-01 18:00:00,270,930
2025-01-01 08:00:00,2025-01-01 18:00:00,351,276
2025-01-01 08:00:00,2025-01-01 18:00:00,382,922
2025-01-01 08:00:00,2025-01-01 18:00:00,322,136
2025-01-01 08:00:00,2025-01-01 18:00:00,417,253
2025-01-01 08:00:00,2025-01-01 18:00:00,420,839
2025-01-01 08:00:00,2025-01-01 18:00:00,421,803
2025-01-01 08:00:00,2025-01-01 18:00:00,353,57
2025-01-01 08:00:00,2025-01-01 18:00:00,404,890
2025-01-01 08:00:00,2025-01-01 18:00:00,54,119
2025-01-01 08:00:00,2025-01-01 18:00:00,489,515
2025-01-01 08:00:00,2025-01-01 18:00:00,67,959
2025-01-01 08:00:00,2025-01-01 18:00:00,347,365
2025-01-01 08:00:00,2025-01-01 18:00:00,191,344
2025-01-01 08:00:00,2025-01-01 18:00:00,84,685
2025-01-01 08:00:00,2025-01-01 18:00:00,344,391
2025-01-01 08:00:00,2025-01-01 18:00:00,165,1000
2025-01-01 08:00:00,2025-01-01 18:00:00,34,308
2025-01-01 08:00:00,2025-01-01 18:00:00,250,788
2025-01-01 08:00:00,2025-01-01 18:00:00,456,86
2025-01-01 08:00:00,2025-01-01 18:00:00,269,269
2025-01-01 08:00:00,2025-01-01 18:00:00,236,756
2025-01-01 08:00:00,2025-01-01 18:00:00,33,786
2025-01-01 08:00:00,2025-01-01 18:00:00,78,299
2025-01-01 08:00:00,2025-01-01 18:00:00,400,248
2025-01-01 08:00:00,2025-01-01 18:00:00,137,789
2025-01-01 08:00:00,2025-01-01 18:00:00,280,879
2025-01-01 08:00:00,2025-01-01 18:00:00,307,59
2025-01-01 08:00:00,2025-01-01 18:00:00,215,756
2025-01-01 08:00:00,2025-01-01 18:00:00,435,172
2025-01-01 08:00:00,2025-01-01 18:00:00,406,161
2025-01-01 08:00:00,2025-01-01 18:00:00,489,476
2025-01-01 08:00:00,2025-01-01 18:00:00,13,492
2025-01-01 08:00:00,2025-01-01 18:00:00,240,881
2025-01-01 08:00:00,2025-01-01 18:00:00,40,724
2025-01-01 08:00:00,2025-01-01 18:00:00,39,191
2025-01-01 08:00:00,2025-01-01 18:00:00,406,941
2025-01-01 08:00:00,2025-01-01 18:00:00,127,6
2025-01-01 08:00:00,2025-01-01 18:00:00,300,619
2025-01-01 08:00:00,2025-01-01 18:00:00,10,397
2025-01-01 08:00:00,2025-01-01 18:00:00,57,340
2025-01-01 08:00:00,2025-01-01 18:00:00,68,710
2025-01-01 08:00:00,2025-01-01 18:00:00,378,246
2025-01-01 08:00:00,2025-01-01 18:00:00,373,923
2025-01-01 08:00:00,2025-01-01 18:00:00,64,669
2025-01-01 08:00:00,2025-01-01 18:00:00,410,408
2025-01-01 08:00:00,2025-01-01 18:00:00,400,342
2025-01-01 08:00:00,2025-01-01 18:00:00,452,362
2025-01-01 08:00:00,2025-01-01 18:00:00,296,903
2025-01-01 08:00:00,2025-01-01 18:00:00,139,156
2025-01-01 08:00:00,2025-01-01 18:00:00,82,875
2025-01-01 08:00:00,2025-01-01 18:00:00,260,6
2025-01-01 08:00:00,2025-01-01 18:00:00,405,69
2025-01-01 08:00:00,2025-01-01 18:00:00,115,17
2025-01-01 08:00:00,2025-01-01 18:00:00,17,165
2025-01-01 08:00:00,2025-01-01 18:00:00,134,847
2025-01-01 08:00:00,2025-01-01 18:00:00,37,436
2025-01-01 08:00:00,2025-01-01 18:00:00,480,375
2025-01-01 08:00:00,2025-01-01 18:00:00,172,190
2025-01-01 08:00:00,2025-01-01 18:00:00,426,60
2025-01-01 08:00:00,2025-01-01 18:00:00,382,528
2025-01-01 08:00:00,2025-01-01 18:00:00,130,635
2025-01-01 08:00:00,2025-01-01 18:00:00,497,790
2025-01-01 08:00:00,2025-01-01 18:00:00,496,257
2025-01-01 08:00:00,2025-01-01 18:00:00,313,692
2025-01-01 08:00:00,2025-01-01 18:00:00,249,145
2025-01-01 08:00:00,2025-01-01 18:00:00,402,914
2025-01-01 08:00:00,2025-01-01 18:00:00,484,684
2025-01-01 08:00:00,2025-01-01 18:00:00,75,665
2025-01-01 08:00:00,2025-01-01 18:00:00,280,824
2025-01-01 08:00:00,2025-01-01 18:00:00,298,872
2025-01-01 08:00:00,2025-01-01 18:00:00,195,76
2025-01-01 08:00:00,2025-01-01 18:00:00,263,828
2025-01-01 08:00:00,2025-01-01 18:00:00,224,290
2025-01-01 08:00:00,2025-01-01 18:00:00,67,324
2025-01-01 08:00:00,2025-01-01 18:00:00,127,425
2025-01-01 08:00:00,2025-01-01 18:00:00,313,154
2025-01-01 08:00:00,2025-01-01 18:00:00,458,352
2025-01-01 08:00:00,2025-01-01 18:00:00,314,505
2025-01-01 08:00:00,2025-01-01 18:00:00,120,59
2025-01-01 08:00:00,2025-01-01 18:00:00,393,775
2025-01-01 08:00:00,2025-01-01 18:00:00,97,362
2025-01-01 08:00:00,2025-01-01 18:00:00,251,216
2025-01-01 08:00:00,2025-01-01 18:00:00,136,428
2025-01-01 08:00:00,2025-01-01 18:00:00,157,533
2025-01-01 08:00:00,2025-01-01 18:00:00,151,859
2025-01-01 08:00:00,2025-01-01 18:00:00,50,297
2025-01-01 08:00:00,2025-01-01 18:00:00,179,453
2025-01-01 08:00:00,2025-01-01 18:00:00,243,62
2025-01-01 08:00:00,2025-01-01 18:00:00,147,751
2025-01-01 08:00:00,2025-01-01 18:00:00,58,454
2025-01-01 08:00:00,2025-01-01 18:00:00,338,897
2025-01-01 08:00:00,2025-01-01 18:00:00,306,521
2025-01-01 08:00:00,2025-01-01 18:00:00,190,854
2025-01-01 08:00:00,2025-01-01 18:00:00,207,67
2025-01-01 08:00:00,2025-01-01 18:00:00,21,236
2025-01-01 08:00:00,2025-01-01 18:00:00,365,787
2025-01-01 08:00:00,2025-01-01 18:00:00,87,675
2025-01-01 08:00:00,2025-01-01 18:00:00,155,865
2025-01-01 08:00:00,2025-01-01 18:00:00,231,307
2025-01-01 08:00:00,2025-01-01 18:00:00,493,708
2025-01-01 08:00:00,2025-01-01 18:00:00,444,950
2025-01-01 08:00:00,2025-01-01 18:00:00,313,336
2025-01-01 08:00:00,2025-01-01 18:00:00,94,888
2025-01-01 08:00:00,2025-01-01 18:00:00,60,466
2025-01-01 08:00:00,2025-01-01 18:00:00,169,761
2025-01-01 08:00:00,2025-01-01 18:00:00,468,767
2025-01-01 08:00:00,2025-01-01 18:00:00,9,477
2025-01-01 08:00:00,2025-01-01 18:00:00,272,111
2025-01-01 08:00:00,2025-01-01 18:00:00,70,897
2025-01-01 08:00:00,2025-01-01 18:00:00,214,928
2025-01-01 08:00:00,2025-01-01 18:00:00,274,564
2025-01-01 08:00:00,2025-01-01 18:00:00,390,395
2025-01-01 08:00:00,2025-01-01 18:00:00,445,53
2025-01-01 08:00:00,2025-01-01 18:00:00,59,783
2025-01-01 08:00:00,2025-01-01 18:00:00,13,100
2025-01-01 08:00:00,2025-01-01 18:00:00,232,389
2025-01-01 08:00:00,2025-01-01 18:00:00,60,815
2025-01-01 08:00:00,2025-01-01 18:00:00,299,873
2025-01-01 08:00:00,2025-01-01 18:00:00,309,794
2025-01-01 08:00:00,2025-01-01 18:00:00,299,101
2025-01-01 08:00:00,2025-01-01 18:00:00,468,389
2025-01-01 08:00:00,2025-01-01 18:00:00,486,906
2025-01-01 08:00:00,2025-01-01 18:00:00,240,25
2025-01-01 08:00:00,2025-01-01 18:00:00,30,870
2025-01-01 08:00:00,2025-01-01 18:00:00,247,553
2025-01-01 08:00:00,2025-01-01 18:00:00,98,765
2025-01-01 08:00:00,2025-01-01 18:00:00,142,812
2025-01-01 08:00:00,2025-01-01 18:00:00,39,881
2025-01-01 08:00:00,2025-01-01 18:00:00,175,490
2025-01-01 08:00:00,2025-01-01 18:00:00,339,934
2025-01-01 08:00:00,2025-01-01 18:00:00,319,19
2025-01-01 08:00:00,2025-01-01 18:00:00,47,226
2025-01-01 08:00:00,2025-01-01 18:00:00,118,44
2025-01-01 08:00:00,2025-01-01 18:00:00,306,622
2025-01-01 08:00:00,2025-01-01 18:00:00,166,365
2025-01-01 08:00:00,2025-01-01 18:00:00,215,996
2025-01-01 08:00:00,2025-01-01 18:00:00,398,281
2025-01-01 08:00:00,2025-01-01 18:00:00,369,569
2025-01-01 08:00:00,2025-01-01 18:00:00,126,231
2025-01-01 08:00:00,2025-01-01 18:00:00,269,217
2025-01-01 08:00:00,2025-01-01 18:00:00,265,340
2025-01-01 08:00:00,2025-01-01 18:00:00,277,542
2025-01-01 08:00:00,2025-01-01 18:00:00,100,118
2025-01-01 08:00:00,2025-01-01 18:00:00,22,526
2025-01-01 08:00:00,2025-01-01 18:00:00,59,551
2025-01-01 08:00:00,2025-01-01 18:00:00,235,303
2025-01-01 08:00:00,2025-01-01 18:00:00,475,341
2025-01-01 08:00:00,2025-01-01 18:00:00,341,399
2025-01-01 08:00:00,2025-01-01 18:00:00,175,939
2025-01-01 08:00:00,2025-01-01 18:00:00,293,368
2025-01-01 08:00:00,2025-01-01 18:00:00,324,231
2025-01-01 08:00:00,2025-01-01 18:00:00,150,680
2025-01-01 08:00:00,2025-01-01 18:00:00,157,359
2025-01-01 08:00:00,2025-01-01 18:00:00,434,664
2025-01-01 08:00:00,2025-01-01 18:00:00,375,369
2025-01-01 08:00:00,2025-01-01 18:00:00,488,130
2025-01-01 08:00:00,2025-01-01 18:00:00,145,644
2025-01-01 08:00:00,2025-01-01 18:00:00,465,498
2025-01-01 08:00:00,2025-01-01 18:00:00,266,780
2025-01-01 08:00:00,2025-01-01 18:00:00,284,711
2025-01-01 08:00:00,2025-01-01 18:00:00,40,432
2025-01-01 08:00:00,2025-01-01 18:00:00,194,145
2025-01-01 08:00:00,2025-01-01 18:00:00,139,660
2025-01-01 08:00:00,2025-01-01 18:00:00,422,524
2025-01-01 08:00:00,2025-01-01 18:00:00,385,361
2025-01-01 08:00:00,2025-01-01 18:00:00,453,10
2025-01-01 08:00:00,2025-01-01 18:00:00,407,85
2025-01-01 08:00:00,2025-01-01 18:00:00,331,34
2025-01-01 08:00:00,2025-01-01 18:00:00,352,432
2025-01-01 08:00:00,2025-01-01 18:00:00,419,537
2025-01-01 08:00:00,2025-01-01 18:00:00,177,56
2025-01-01 08:00:00,2025-01-01 18:00:00,319,379
2025-01-01 08:00:00,2025-01-01 18:00:00,253,742
2025-01-01 08:00:00,2025-01-01 18:00:00,487,564
2025-01-01 08:00:00,2025-01-01 18:00:00,97,531
2025-01-01 08:00:00,2025-01-01 18:00:00,362,99
2025-01-01 08:00:00,2025-01-01 18:00:00,328,629
2025-01-01 08:00:00,2025-01-01 18:00:00,437,317
2025-01-01 08:00:00,2025-01-01 18:00:00,421,762
2025-01-01 08:00:00,2025-01-01 18:00:00,87,234
2025-01-01 08:00:00,2025-01-01 18:00:00,152,970
2025-01-01 08:00:00,2025-01-01 18:00:00,129,203
2025-01-01 08:00:00,2025-01-01 18:00:00,165,916
2025-01-01 08:00:00,2025-01-01 18:00:00,216,37
2025-01-01 08:00:00,2025-01-01 18:00:00,82,40
2025-01-01 08:00:00,2025-01-01 18:00:00,129,748
2025-01-01 08:00:00,2025-01-01 18:00:00,429,401
2025-01-01 08:00:00,2025-01-01 18:00:00,286,705
2025-01-01 08:00:00,2025-01-01 18:00:00,183,326
2025-01-01 08:00:00,2025-01-01 18:00:00,465,385
2025-01-01 08:00:00,2025-01-01 18:00:00,48,70
2025-01-01 08:00:00,2025-01-01 18:00:00,247,241
2025-01-01 08:00:00,2025-01-01 18:00:00,465,844
2025-01-01 08:00:00,2025-01-01 18:00:00,243,683
2025-01-01 08:00:00,2025-01-01 18:00:00,357,305
2025-01-01 08:00:00,2025-01-01 18:00:00,265,945
2025-01-01 08:00:00,2025-01-01 18:00:00,155,762
2025-01-01 08:00:00,2025-01-01 18:00:00,259,893
2025-01-01 08:00:00,2025-01-01 18:00:00,422,169
2025-01-01 08:00:00,2025-01-01 18:00:00,324,210
2025-01-01 08:00:00,2025-01-01 18:00:00,62,418
2025-01-01 08:00:00,2025-01-01 18:00:00,210,329
2025-01-01 08:00:00,2025-01-01 18:00:00,286,338
2025-01-01 08:00:00,2025-01-01 18:00:00,105,51
2025-01-01 08:00:00,2025-01-01 18:00:00,127,941
2025-01-01 08:00:00,2025-01-01 18:00:00,54,967
2025-01-01 08:00:00,2025-01-01 18:00:00,35,371
2025-01-01 08:00:00,2025-01-01 18:00:00,8,303
2025-01-01 08:00:00,2025-01-01 18:00:00,96,214
2025-01-01 08:00:00,2025-01-01 18:00:00,442,683
2025-01-01 08:00:00,2025-01-01 18:00:00,130,465
2025-01-01 08:00:00,2025-01-01 18:00:00,409,350
2025-01-01 08:00:00,2025-01-01 18:00:00,371,113
2025-01-01 08:00:00,2025-01-01 18:00:00,311,695
2025-01-01 08:00:00,2025-01-01 18:00:00,483,564
2025-01-01 08:00:00,2025-01-01 18:00:00,57,829
2025-01-01 08:00:00,2025-01-01 18:00:00,48,582
2025-01-01 08:00:00,2025-01-01 18:00:00,472,553
2025-01-01 08:00:00,2025-01-01 18:00:00,219,200
2025-01-01 08:00:00,2025-01-01 18:00:00,368,222
2025-01-01 08:00:00,2025-01-01 18:00:00,40,217
2025-01-01 08:00:00,2025-01-01 18:00:00,105,584
2025-01-01 08:00:00,2025-01-01 18:00:00,302,919
2025-01-01 08:00:00,2025-01-01 18:00:00,279,137
2025-01-01 08:00:00,2025-01-01 18:00:00,144,459
2025-01-01 08:00:00,2025-01-01 18:00:00,394,807
2025-01-01 08:00:00,2025-01-01 18:00:00,487,203
2025-01-01 08:00:00,2025-01-01 18:00:00,342,174
2025-01-01 08:00:00,2025-01-01 18:00:00,92,331
2025-01-01 08:00:00,2025-01-01 18:00:00,68,319
2025-01-01 08:00:00,2025-01-01 18:00:00,149,859
2025-01-01 08:00:00,2025-01-01 18:00:00,469,949
2025-01-01 08:00:00,2025-01-01 18:00:00,405,945
2025-01-01 08:00:00,2025-01-01 18:00:00,222,24
2025-01-01 08:00:00,2025-01-01 18:00:00,475,808
2025-01-01 08:00:00,2025-01-01 18:00:00,464,648
2025-01-01 08:00:00,2025-01-01 18:00:00,151,546
2025-01-01 08:00:00,2025-01-01 18:00:00,409,610
2025-01-01 08:00:00,2025-01-01 18:00:00,200,261
2025-01-01 08:00:00,2025-01-01 18:00:00,424,926
2025-01-01 08:00:00,2025-01-01 18:00:00,426,831
2025-01-01 08:00:00,2025-01-01 18:00:00,298,556
2025-01-01 08:00:00,2025-01-01 18:00:00,87,191
2025-01-01 08:00:00,2025-01-01 18:00:00,396,649
2025-01-01 08:00:00,2025-01-01 18:00:00,300,411
2025-01-01 08:00:00,2025-01-01 18:00:00,458,892
2025-01-01 08:00:00,2025-01-01 18:00:00,368,448
2025-01-01 08:00:00,2025-01-01 18:00:00,11,468
2025-01-01 08:00:00,2025-01-01 18:00:00,326,827
2025-01-01 08:00:00,2025-01-01 18:00:00,44,538
2025-01-01 08:00:00,2025-01-01 18:00:00,325,406
2025-01-01 08:00:00,2025-01-01 18:00:00,65,616
2025-01-01 08:00:00,2025-01-01 18:00:00,193,46
2025-01-01 08:00:00,2025-01-01 18:00:00,128,689
2025-01-01 08:00:00,2025-01-01 18:00:00,136,695
2025-01-01 08:00:00,2025-01-01 18:00:00,16,812
2025-01-01 08:00:00,2025-01-01 18:00:00,465,487
2025-01-01 08:00:00,2025-01-01 18:00:00,429,823
2025-01-01 08:00:00,2025-01-01 18:00:00,139,756
2025-01-01 08:00:00,2025-01-01 18:00:00,163,656
2025-01-01 08:00:00,2025-01-01 18:00:00,200,498
2025-01-01 08:00:00,2025-01-01 18:00:00,274,548
2025-01-01 08:00:00,2025-01-01 18:00:00,244,410
2025-01-01 08:00:00,2025-01-01 18:00:00,23,638
2025-01-01 08:00:00,2025-01-01 18:00:00,387,243
2025-01-01 08:00:00,2025-01-01 18:00:00,123,449
2025-01-01 08:00:00,2025-01-01 18:00:00,244,853
2025-01-01 08:00:00,2025-01-01 18:00:00,446,483
2025-01-01 08:00:00,2025-01-01 18:00:00,363,462
2025-01-01 08:00:00,2025-01-01 18:00:00,77,91
2025-01-01 08:00:00,2025-01-01 18:00:00,173,23
2025-01-01 08:00:00,2025-01-01 18:00:00,9,64
2025-01-01 08:00:00,2025-01-01 18:00:00,62,704
2025-01-01 08:00:00,2025-01-01 18:00:00,216,88
2025-01-01 08:00:00,2025-01-01 18:00:00,452,619
2025-01-01 08:00:00,2025-01-01 18:00:00,445,698
2025-01-01 08:00:00,2025-01-01 18:00:00,320,908
2025-01-01 08:00:00,2025-01-01 18:00:00,144,654
2025-01-01 08:00:00,2025-01-01 18:00:00,31,811
2025-01-01 08:00:00,2025-01-01 18:00:00,431,9
2025-01-01 08:00:00,2025-01-01 18:00:00,49,372
2025-01-01 08:00:00,2025-01-01 18:00:00,491,513
2025-01-01 08:00:00,2025-01-01 18:00:00,484,691
2025-01-01 08:00:00,2025-01-01 18:00:00,26,62
2025-01-01 08:00:00,2025-01-01 18:00:00,496,816
2025-01-01 08:00:00,2025-01-01 18:00:00,25,351
2025-01-01 08:00:00,2025-01-01 18:00:00,240,451
2025-01-01 08:00:00,2025-01-01 18:00:00,423,718
2025-01-01 08:00:00,2025-01-01 18:00:00,44,473
2025-01-01 08:00:00,2025-01-01 18:00:00,345,963
2025-01-01 08:00:00,2025-01-01 18:00:00,220,5
2025-01-01 08:00:00,2025-01-01 18:00:00,380,171
2025-01-01 08:00:00,2025-01-01 18:00:00,234,774
2025-01-01 08:00:00,2025-01-01 18:00:00,182,645
2025-01-01 08:00:00,2025-01-01 18:00:00,403,402
2025-01-01 08:00:00,2025-01-01 18:00:00,349,893
2025-01-01 08:00:00,2025-01-01 18:00:00,72,285
2025-01-01 08:00:00,2025-01-01 18:00:00,78,792
2025-01-01 08:00:00,2025-01-01 18:00:00,484,455
2025-01-01 08:00:00,2025-01-01 18:00:00,26,761
2025-01-01 08:00:00,2025-01-01 18:00:00,495,621
2025-01-01 08:00:00,2025-01-01 18:00:00,283,112
2025-01-01 08:00:00,2025-01-01 18:00:00,222,836
2025-01-01 08:00:00,2025-01-01 18:00:00,146,60
2025-01-01 08:00:00,2025-01-01 18:00:00,462,27
2025-01-01 08:00:00,2025-01-01 18:00:00,367,305
2025-01-01 08:00:00,2025-01-01 18:00:00,494,770
2025-01-01 08:00:00,2025-01-01 18:00:00,32,601
2025-01-01 08:00:00,2025-01-01 18:00:00,185,733
2025-01-01 08:00:00,2025-01-01 18:00:00,190,954
2025-01-01 08:00:00,2025-01-01 18:00:00,429,769
2025-01-01 08:00:00,2025-01-01 18:00:00,474,796
2025-01-01 08:00:00,2025-01-01 18:00:00,349,108
2025-01-01 08:00:00,2025-01-01 18:00:00,31,928
2025-01-01 08:00:00,2025-01-01 18:00:00,155,495
2025-01-01 08:00:00,2025-01-01 18:00:00,429,572
2025-01-01 08:00:00,2025-01-01 18:00:00,223,809
2025-01-01 08:00:00,2025-01-01 18:00:00,136,670
2025-01-01 08:00:00,2025-01-01 18:00:00,125,547
2025-01-01 08:00:00,2025-01-01 18:00:00,61,815
2025-01-01 08:00:00,2025-01-01 18:00:00,348,982
2025-01-01 08:00:00,2025-01-01 18:00:00,209,319
2025-01-01 08:00:00,2025-01-01 18:00:00,15,142
2025-01-01 08:00:00,2025-01-01 18:00:00,156,529
2025-01-01 08:00:00,2025-01-01 18:00:00,166,687
2025-01-01 08:00:00,2025-01-01 18:00:00,472,860
2025-01-01 08:00:00,2025-01-01 18:00:00,346,554
2025-01-01 08:00:00,2025-01-01 18:00:00,82,570
2025-01-01 08:00:00,2025-01-01 18:00:00,57,546
2025-01-01 08:00:00,2025-01-01 18:00:00,379,246
2025-01-01 08:00:00,2025-01-01 18:00:00,154,482
2025-01-01 08:00:00,2025-01-01 18:00:00,452,253
2025-01-01 08:00:00,2025-01-01 18:00:00,220,952
2025-01-01 08:00:00,2025-01-01 18:00:00,61,523
