-- AUTO-GENERATED MOCK BASE TABLES FOR TESTING
INSERT INTO SUPPLIER (SupplierID, Company_Name, Service_Type, ContactPhone) VALUES (1, 'Mock Supplier 1', 'Transport', '050-0000001');
INSERT INTO SUPPLIER (SupplierID, Company_Name, Service_Type, ContactPhone) VALUES (2, 'Mock Supplier 2', 'Transport', '050-0000002');
INSERT INTO SUPPLIER (SupplierID, Company_Name, Service_Type, ContactPhone) VALUES (3, 'Mock Supplier 3', 'Transport', '050-0000003');
INSERT INTO SUPPLIER (SupplierID, Company_Name, Service_Type, ContactPhone) VALUES (4, 'Mock Supplier 4', 'Transport', '050-0000004');
INSERT INTO SUPPLIER (SupplierID, Company_Name, Service_Type, ContactPhone) VALUES (5, 'Mock Supplier 5', 'Transport', '050-0000005');
INSERT INTO SUPPLIER (SupplierID, Company_Name, Service_Type, ContactPhone) VALUES (6, 'Mock Supplier 6', 'Transport', '050-0000006');
INSERT INTO SUPPLIER (SupplierID, Company_Name, Service_Type, ContactPhone) VALUES (7, 'Mock Supplier 7', 'Transport', '050-0000007');
INSERT INTO SUPPLIER (SupplierID, Company_Name, Service_Type, ContactPhone) VALUES (8, 'Mock Supplier 8', 'Transport', '050-0000008');
INSERT INTO SUPPLIER (SupplierID, Company_Name, Service_Type, ContactPhone) VALUES (9, 'Mock Supplier 9', 'Transport', '050-0000009');
INSERT INTO SUPPLIER (SupplierID, Company_Name, Service_Type, ContactPhone) VALUES (10, 'Mock Supplier 10', 'Transport', '050-0000010');
INSERT INTO SUPPLIER (SupplierID, Company_Name, Service_Type, ContactPhone) VALUES (11, 'Mock Supplier 11', 'Transport', '050-0000011');
INSERT INTO SUPPLIER (SupplierID, Company_Name, Service_Type, ContactPhone) VALUES (12, 'Mock Supplier 12', 'Transport', '050-0000012');
INSERT INTO SUPPLIER (SupplierID, Company_Name, Service_Type, ContactPhone) VALUES (13, 'Mock Supplier 13', 'Transport', '050-0000013');
INSERT INTO SUPPLIER (SupplierID, Company_Name, Service_Type, ContactPhone) VALUES (14, 'Mock Supplier 14', 'Transport', '050-0000014');
INSERT INTO SUPPLIER (SupplierID, Company_Name, Service_Type, ContactPhone) VALUES (15, 'Mock Supplier 15', 'Transport', '050-0000015');
INSERT INTO SUPPLIER (SupplierID, Company_Name, Service_Type, ContactPhone) VALUES (16, 'Mock Supplier 16', 'Transport', '050-0000016');
INSERT INTO SUPPLIER (SupplierID, Company_Name, Service_Type, ContactPhone) VALUES (17, 'Mock Supplier 17', 'Transport', '050-0000017');
INSERT INTO SUPPLIER (SupplierID, Company_Name, Service_Type, ContactPhone) VALUES (18, 'Mock Supplier 18', 'Transport', '050-0000018');
INSERT INTO SUPPLIER (SupplierID, Company_Name, Service_Type, ContactPhone) VALUES (19, 'Mock Supplier 19', 'Transport', '050-0000019');
INSERT INTO SUPPLIER (SupplierID, Company_Name, Service_Type, ContactPhone) VALUES (20, 'Mock Supplier 20', 'Transport', '050-0000020');

INSERT INTO TRANSPORTATION (TransportID, Vehicle_Type, Capacity, SupplierID) VALUES (1, 'Bus', 55, 1);
INSERT INTO TRANSPORTATION (TransportID, Vehicle_Type, Capacity, SupplierID) VALUES (2, 'Bus', 55, 2);
INSERT INTO TRANSPORTATION (TransportID, Vehicle_Type, Capacity, SupplierID) VALUES (3, 'Bus', 55, 3);
INSERT INTO TRANSPORTATION (TransportID, Vehicle_Type, Capacity, SupplierID) VALUES (4, 'Bus', 55, 4);
INSERT INTO TRANSPORTATION (TransportID, Vehicle_Type, Capacity, SupplierID) VALUES (5, 'Bus', 55, 5);
INSERT INTO TRANSPORTATION (TransportID, Vehicle_Type, Capacity, SupplierID) VALUES (6, 'Bus', 55, 6);
INSERT INTO TRANSPORTATION (TransportID, Vehicle_Type, Capacity, SupplierID) VALUES (7, 'Bus', 55, 7);
INSERT INTO TRANSPORTATION (TransportID, Vehicle_Type, Capacity, SupplierID) VALUES (8, 'Bus', 55, 8);
INSERT INTO TRANSPORTATION (TransportID, Vehicle_Type, Capacity, SupplierID) VALUES (9, 'Bus', 55, 9);
INSERT INTO TRANSPORTATION (TransportID, Vehicle_Type, Capacity, SupplierID) VALUES (10, 'Bus', 55, 10);
INSERT INTO TRANSPORTATION (TransportID, Vehicle_Type, Capacity, SupplierID) VALUES (11, 'Bus', 55, 11);
INSERT INTO TRANSPORTATION (TransportID, Vehicle_Type, Capacity, SupplierID) VALUES (12, 'Bus', 55, 12);
INSERT INTO TRANSPORTATION (TransportID, Vehicle_Type, Capacity, SupplierID) VALUES (13, 'Bus', 55, 13);
INSERT INTO TRANSPORTATION (TransportID, Vehicle_Type, Capacity, SupplierID) VALUES (14, 'Bus', 55, 14);
INSERT INTO TRANSPORTATION (TransportID, Vehicle_Type, Capacity, SupplierID) VALUES (15, 'Bus', 55, 15);
INSERT INTO TRANSPORTATION (TransportID, Vehicle_Type, Capacity, SupplierID) VALUES (16, 'Bus', 55, 16);
INSERT INTO TRANSPORTATION (TransportID, Vehicle_Type, Capacity, SupplierID) VALUES (17, 'Bus', 55, 17);
INSERT INTO TRANSPORTATION (TransportID, Vehicle_Type, Capacity, SupplierID) VALUES (18, 'Bus', 55, 18);
INSERT INTO TRANSPORTATION (TransportID, Vehicle_Type, Capacity, SupplierID) VALUES (19, 'Bus', 55, 19);
INSERT INTO TRANSPORTATION (TransportID, Vehicle_Type, Capacity, SupplierID) VALUES (20, 'Bus', 55, 20);

INSERT INTO EQUIPMENT (EquipmentID, ItemName, TotalInStock, SupplierID) VALUES (1, 'Mock Equipment 1', 100, 1);
INSERT INTO EQUIPMENT (EquipmentID, ItemName, TotalInStock, SupplierID) VALUES (2, 'Mock Equipment 2', 100, 2);
INSERT INTO EQUIPMENT (EquipmentID, ItemName, TotalInStock, SupplierID) VALUES (3, 'Mock Equipment 3', 100, 3);
INSERT INTO EQUIPMENT (EquipmentID, ItemName, TotalInStock, SupplierID) VALUES (4, 'Mock Equipment 4', 100, 4);
INSERT INTO EQUIPMENT (EquipmentID, ItemName, TotalInStock, SupplierID) VALUES (5, 'Mock Equipment 5', 100, 5);
INSERT INTO EQUIPMENT (EquipmentID, ItemName, TotalInStock, SupplierID) VALUES (6, 'Mock Equipment 6', 100, 6);
INSERT INTO EQUIPMENT (EquipmentID, ItemName, TotalInStock, SupplierID) VALUES (7, 'Mock Equipment 7', 100, 7);
INSERT INTO EQUIPMENT (EquipmentID, ItemName, TotalInStock, SupplierID) VALUES (8, 'Mock Equipment 8', 100, 8);
INSERT INTO EQUIPMENT (EquipmentID, ItemName, TotalInStock, SupplierID) VALUES (9, 'Mock Equipment 9', 100, 9);
INSERT INTO EQUIPMENT (EquipmentID, ItemName, TotalInStock, SupplierID) VALUES (10, 'Mock Equipment 10', 100, 10);
INSERT INTO EQUIPMENT (EquipmentID, ItemName, TotalInStock, SupplierID) VALUES (11, 'Mock Equipment 11', 100, 11);
INSERT INTO EQUIPMENT (EquipmentID, ItemName, TotalInStock, SupplierID) VALUES (12, 'Mock Equipment 12', 100, 12);
INSERT INTO EQUIPMENT (EquipmentID, ItemName, TotalInStock, SupplierID) VALUES (13, 'Mock Equipment 13', 100, 13);
INSERT INTO EQUIPMENT (EquipmentID, ItemName, TotalInStock, SupplierID) VALUES (14, 'Mock Equipment 14', 100, 14);
INSERT INTO EQUIPMENT (EquipmentID, ItemName, TotalInStock, SupplierID) VALUES (15, 'Mock Equipment 15', 100, 15);
INSERT INTO EQUIPMENT (EquipmentID, ItemName, TotalInStock, SupplierID) VALUES (16, 'Mock Equipment 16', 100, 16);
INSERT INTO EQUIPMENT (EquipmentID, ItemName, TotalInStock, SupplierID) VALUES (17, 'Mock Equipment 17', 100, 17);
INSERT INTO EQUIPMENT (EquipmentID, ItemName, TotalInStock, SupplierID) VALUES (18, 'Mock Equipment 18', 100, 18);
INSERT INTO EQUIPMENT (EquipmentID, ItemName, TotalInStock, SupplierID) VALUES (19, 'Mock Equipment 19', 100, 19);
INSERT INTO EQUIPMENT (EquipmentID, ItemName, TotalInStock, SupplierID) VALUES (20, 'Mock Equipment 20', 100, 20);

-- END MOCK DATA

-- Note: To fully populate, run the CSV imports, then run python_generated_inserts.sql, then run this file.

-- insertTables.sql
-- Method 1: Manual/Direct SQL execution inserts
INSERT INTO TRIP (TripID, TripName, StartDate, EndDate, GroupSize, Trip_Type) VALUES (1, 'Trip 1', '2026-07-28', '2026-07-31', 17, 'Extreme');
INSERT INTO TRIP (TripID, TripName, StartDate, EndDate, GroupSize, Trip_Type) VALUES (2, 'Trip 2', '2026-11-28', '2026-11-29', 8, 'Nature');
INSERT INTO TRIP (TripID, TripName, StartDate, EndDate, GroupSize, Trip_Type) VALUES (3, 'Trip 3', '2026-12-19', '2026-12-22', 7, 'Nature');
INSERT INTO TRIP (TripID, TripName, StartDate, EndDate, GroupSize, Trip_Type) VALUES (4, 'Trip 4', '2026-11-08', '2026-11-13', 18, 'City');
INSERT INTO TRIP (TripID, TripName, StartDate, EndDate, GroupSize, Trip_Type) VALUES (5, 'Trip 5', '2026-02-02', '2026-02-10', 7, 'Nature');
INSERT INTO TRIP (TripID, TripName, StartDate, EndDate, GroupSize, Trip_Type) VALUES (6, 'Trip 6', '2024-10-09', '2024-10-12', 11, 'City');
INSERT INTO TRIP (TripID, TripName, StartDate, EndDate, GroupSize, Trip_Type) VALUES (7, 'Trip 7', '2025-09-14', '2025-09-18', 5, 'City');
INSERT INTO TRIP (TripID, TripName, StartDate, EndDate, GroupSize, Trip_Type) VALUES (8, 'Trip 8', '2026-08-05', '2026-08-09', 18, 'Extreme');
INSERT INTO TRIP (TripID, TripName, StartDate, EndDate, GroupSize, Trip_Type) VALUES (9, 'Trip 9', '2025-11-10', '2025-11-20', 20, 'Extreme');
INSERT INTO TRIP (TripID, TripName, StartDate, EndDate, GroupSize, Trip_Type) VALUES (10, 'Trip 10', '2024-03-30', '2024-04-05', 7, 'City');
INSERT INTO TRIP (TripID, TripName, StartDate, EndDate, GroupSize, Trip_Type) VALUES (11, 'Trip 11', '2026-09-10', '2026-09-13', 19, 'City');
INSERT INTO TRIP (TripID, TripName, StartDate, EndDate, GroupSize, Trip_Type) VALUES (12, 'Trip 12', '2024-04-23', '2024-04-24', 11, 'Nature');
INSERT INTO TRIP (TripID, TripName, StartDate, EndDate, GroupSize, Trip_Type) VALUES (13, 'Trip 13', '2024-04-29', '2024-05-05', 18, 'Nature');
INSERT INTO TRIP (TripID, TripName, StartDate, EndDate, GroupSize, Trip_Type) VALUES (14, 'Trip 14', '2024-04-12', '2024-04-21', 10, 'City');
INSERT INTO TRIP (TripID, TripName, StartDate, EndDate, GroupSize, Trip_Type) VALUES (15, 'Trip 15', '2025-11-02', '2025-11-06', 9, 'Extreme');
INSERT INTO TRIP (TripID, TripName, StartDate, EndDate, GroupSize, Trip_Type) VALUES (16, 'Trip 16', '2024-09-13', '2024-09-17', 9, 'Nature');
INSERT INTO TRIP (TripID, TripName, StartDate, EndDate, GroupSize, Trip_Type) VALUES (17, 'Trip 17', '2025-04-05', '2025-04-06', 17, 'City');
INSERT INTO TRIP (TripID, TripName, StartDate, EndDate, GroupSize, Trip_Type) VALUES (18, 'Trip 18', '2026-11-03', '2026-11-07', 4, 'Nature');
INSERT INTO TRIP (TripID, TripName, StartDate, EndDate, GroupSize, Trip_Type) VALUES (19, 'Trip 19', '2024-11-01', '2024-11-02', 3, 'Extreme');
INSERT INTO TRIP (TripID, TripName, StartDate, EndDate, GroupSize, Trip_Type) VALUES (20, 'Trip 20', '2025-08-11', '2025-08-19', 6, 'Extreme');
INSERT INTO LOCATION (LocationID, LocationName, Region, Address, Description) VALUES (1, 'Loc 1', 'North', 'Street 1', 'Desc 1');
INSERT INTO LOCATION (LocationID, LocationName, Region, Address, Description) VALUES (2, 'Loc 2', 'Center', 'Street 2', 'Desc 2');
INSERT INTO LOCATION (LocationID, LocationName, Region, Address, Description) VALUES (3, 'Loc 3', 'North', 'Street 3', 'Desc 3');
INSERT INTO LOCATION (LocationID, LocationName, Region, Address, Description) VALUES (4, 'Loc 4', 'South', 'Street 4', 'Desc 4');
INSERT INTO LOCATION (LocationID, LocationName, Region, Address, Description) VALUES (5, 'Loc 5', 'North', 'Street 5', 'Desc 5');
INSERT INTO LOCATION (LocationID, LocationName, Region, Address, Description) VALUES (6, 'Loc 6', 'South', 'Street 6', 'Desc 6');
INSERT INTO LOCATION (LocationID, LocationName, Region, Address, Description) VALUES (7, 'Loc 7', 'Center', 'Street 7', 'Desc 7');
INSERT INTO LOCATION (LocationID, LocationName, Region, Address, Description) VALUES (8, 'Loc 8', 'Center', 'Street 8', 'Desc 8');
INSERT INTO LOCATION (LocationID, LocationName, Region, Address, Description) VALUES (9, 'Loc 9', 'North', 'Street 9', 'Desc 9');
INSERT INTO LOCATION (LocationID, LocationName, Region, Address, Description) VALUES (10, 'Loc 10', 'South', 'Street 10', 'Desc 10');
INSERT INTO LOCATION (LocationID, LocationName, Region, Address, Description) VALUES (11, 'Loc 11', 'Center', 'Street 11', 'Desc 11');
INSERT INTO LOCATION (LocationID, LocationName, Region, Address, Description) VALUES (12, 'Loc 12', 'North', 'Street 12', 'Desc 12');
INSERT INTO LOCATION (LocationID, LocationName, Region, Address, Description) VALUES (13, 'Loc 13', 'Center', 'Street 13', 'Desc 13');
INSERT INTO LOCATION (LocationID, LocationName, Region, Address, Description) VALUES (14, 'Loc 14', 'Center', 'Street 14', 'Desc 14');
INSERT INTO LOCATION (LocationID, LocationName, Region, Address, Description) VALUES (15, 'Loc 15', 'South', 'Street 15', 'Desc 15');
INSERT INTO LOCATION (LocationID, LocationName, Region, Address, Description) VALUES (16, 'Loc 16', 'South', 'Street 16', 'Desc 16');
INSERT INTO LOCATION (LocationID, LocationName, Region, Address, Description) VALUES (17, 'Loc 17', 'Center', 'Street 17', 'Desc 17');
INSERT INTO LOCATION (LocationID, LocationName, Region, Address, Description) VALUES (18, 'Loc 18', 'North', 'Street 18', 'Desc 18');
INSERT INTO LOCATION (LocationID, LocationName, Region, Address, Description) VALUES (19, 'Loc 19', 'North', 'Street 19', 'Desc 19');
INSERT INTO LOCATION (LocationID, LocationName, Region, Address, Description) VALUES (20, 'Loc 20', 'Center', 'Street 20', 'Desc 20');
INSERT INTO Location_Trip (Location_order, TripID, LocationID) VALUES (1, 1, 9);
INSERT INTO Location_Trip (Location_order, TripID, LocationID) VALUES (1, 2, 15);
INSERT INTO Location_Trip (Location_order, TripID, LocationID) VALUES (1, 3, 10);
INSERT INTO Location_Trip (Location_order, TripID, LocationID) VALUES (1, 4, 1);
INSERT INTO Location_Trip (Location_order, TripID, LocationID) VALUES (1, 5, 17);
INSERT INTO Location_Trip (Location_order, TripID, LocationID) VALUES (1, 6, 2);
INSERT INTO Location_Trip (Location_order, TripID, LocationID) VALUES (1, 7, 2);
INSERT INTO Location_Trip (Location_order, TripID, LocationID) VALUES (1, 8, 19);
INSERT INTO Location_Trip (Location_order, TripID, LocationID) VALUES (1, 9, 15);
INSERT INTO Location_Trip (Location_order, TripID, LocationID) VALUES (1, 10, 15);
INSERT INTO Location_Trip (Location_order, TripID, LocationID) VALUES (1, 11, 6);
INSERT INTO Location_Trip (Location_order, TripID, LocationID) VALUES (1, 12, 2);
INSERT INTO Location_Trip (Location_order, TripID, LocationID) VALUES (1, 13, 20);
INSERT INTO Location_Trip (Location_order, TripID, LocationID) VALUES (1, 14, 16);
INSERT INTO Location_Trip (Location_order, TripID, LocationID) VALUES (1, 15, 6);
INSERT INTO Location_Trip (Location_order, TripID, LocationID) VALUES (1, 16, 20);
INSERT INTO Location_Trip (Location_order, TripID, LocationID) VALUES (1, 17, 3);
INSERT INTO Location_Trip (Location_order, TripID, LocationID) VALUES (1, 18, 9);
INSERT INTO Location_Trip (Location_order, TripID, LocationID) VALUES (1, 19, 20);
INSERT INTO Location_Trip (Location_order, TripID, LocationID) VALUES (1, 20, 9);
INSERT INTO TRIP_EQUIPMENT (QuantityAllocated, Checkout_Date, Return_Date, TripID, EquipmentID) VALUES (2, '2024-03-05', '2024-03-09', 1, 1);
INSERT INTO TRIP_EQUIPMENT (QuantityAllocated, Checkout_Date, Return_Date, TripID, EquipmentID) VALUES (4, '2024-07-13', '2024-07-16', 2, 13);
INSERT INTO TRIP_EQUIPMENT (QuantityAllocated, Checkout_Date, Return_Date, TripID, EquipmentID) VALUES (2, '2025-09-08', '2025-09-09', 3, 16);
INSERT INTO TRIP_EQUIPMENT (QuantityAllocated, Checkout_Date, Return_Date, TripID, EquipmentID) VALUES (10, '2026-10-18', '2026-10-21', 4, 17);
INSERT INTO TRIP_EQUIPMENT (QuantityAllocated, Checkout_Date, Return_Date, TripID, EquipmentID) VALUES (10, '2024-09-14', '2024-09-19', 5, 20);
INSERT INTO TRIP_EQUIPMENT (QuantityAllocated, Checkout_Date, Return_Date, TripID, EquipmentID) VALUES (6, '2026-12-22', '2026-12-25', 6, 12);
INSERT INTO TRIP_EQUIPMENT (QuantityAllocated, Checkout_Date, Return_Date, TripID, EquipmentID) VALUES (1, '2024-09-09', '2024-09-13', 7, 18);
INSERT INTO TRIP_EQUIPMENT (QuantityAllocated, Checkout_Date, Return_Date, TripID, EquipmentID) VALUES (2, '2026-03-09', '2026-03-12', 8, 7);
INSERT INTO TRIP_EQUIPMENT (QuantityAllocated, Checkout_Date, Return_Date, TripID, EquipmentID) VALUES (5, '2025-10-06', '2025-10-10', 9, 6);
INSERT INTO TRIP_EQUIPMENT (QuantityAllocated, Checkout_Date, Return_Date, TripID, EquipmentID) VALUES (5, '2025-01-27', '2025-01-31', 10, 11);
INSERT INTO TRIP_EQUIPMENT (QuantityAllocated, Checkout_Date, Return_Date, TripID, EquipmentID) VALUES (2, '2026-06-13', '2026-06-16', 11, 9);
INSERT INTO TRIP_EQUIPMENT (QuantityAllocated, Checkout_Date, Return_Date, TripID, EquipmentID) VALUES (4, '2025-05-08', '2025-05-12', 12, 1);
INSERT INTO TRIP_EQUIPMENT (QuantityAllocated, Checkout_Date, Return_Date, TripID, EquipmentID) VALUES (2, '2026-05-01', '2026-05-06', 13, 4);
INSERT INTO TRIP_EQUIPMENT (QuantityAllocated, Checkout_Date, Return_Date, TripID, EquipmentID) VALUES (3, '2026-08-22', '2026-08-26', 14, 4);
INSERT INTO TRIP_EQUIPMENT (QuantityAllocated, Checkout_Date, Return_Date, TripID, EquipmentID) VALUES (6, '2026-10-14', '2026-10-19', 15, 3);
INSERT INTO TRIP_EQUIPMENT (QuantityAllocated, Checkout_Date, Return_Date, TripID, EquipmentID) VALUES (7, '2026-03-26', '2026-03-28', 16, 15);
INSERT INTO TRIP_EQUIPMENT (QuantityAllocated, Checkout_Date, Return_Date, TripID, EquipmentID) VALUES (2, '2025-08-15', '2025-08-17', 17, 2);
INSERT INTO TRIP_EQUIPMENT (QuantityAllocated, Checkout_Date, Return_Date, TripID, EquipmentID) VALUES (6, '2025-04-24', '2025-04-26', 18, 8);
INSERT INTO TRIP_EQUIPMENT (QuantityAllocated, Checkout_Date, Return_Date, TripID, EquipmentID) VALUES (9, '2025-12-25', '2025-12-28', 19, 17);
INSERT INTO TRIP_EQUIPMENT (QuantityAllocated, Checkout_Date, Return_Date, TripID, EquipmentID) VALUES (4, '2025-11-30', '2025-12-02', 20, 2);
INSERT INTO TRIP_TRANSPORTATION (Departure_Date_Time, Arrival_Date_Time, TransportID, TripID) VALUES ('2024-01-29 08:00:00', '2024-01-29 18:00:00', 8, 1);
INSERT INTO TRIP_TRANSPORTATION (Departure_Date_Time, Arrival_Date_Time, TransportID, TripID) VALUES ('2024-05-03 08:00:00', '2024-05-03 18:00:00', 15, 2);
INSERT INTO TRIP_TRANSPORTATION (Departure_Date_Time, Arrival_Date_Time, TransportID, TripID) VALUES ('2024-02-12 08:00:00', '2024-02-12 18:00:00', 15, 3);
INSERT INTO TRIP_TRANSPORTATION (Departure_Date_Time, Arrival_Date_Time, TransportID, TripID) VALUES ('2025-10-17 08:00:00', '2025-10-17 18:00:00', 5, 4);
INSERT INTO TRIP_TRANSPORTATION (Departure_Date_Time, Arrival_Date_Time, TransportID, TripID) VALUES ('2026-09-17 08:00:00', '2026-09-17 18:00:00', 11, 5);
INSERT INTO TRIP_TRANSPORTATION (Departure_Date_Time, Arrival_Date_Time, TransportID, TripID) VALUES ('2026-10-25 08:00:00', '2026-10-25 18:00:00', 1, 6);
INSERT INTO TRIP_TRANSPORTATION (Departure_Date_Time, Arrival_Date_Time, TransportID, TripID) VALUES ('2026-07-25 08:00:00', '2026-07-25 18:00:00', 19, 7);
INSERT INTO TRIP_TRANSPORTATION (Departure_Date_Time, Arrival_Date_Time, TransportID, TripID) VALUES ('2026-11-07 08:00:00', '2026-11-07 18:00:00', 16, 8);
INSERT INTO TRIP_TRANSPORTATION (Departure_Date_Time, Arrival_Date_Time, TransportID, TripID) VALUES ('2025-12-19 08:00:00', '2025-12-19 18:00:00', 16, 9);
INSERT INTO TRIP_TRANSPORTATION (Departure_Date_Time, Arrival_Date_Time, TransportID, TripID) VALUES ('2026-12-13 08:00:00', '2026-12-13 18:00:00', 12, 10);
INSERT INTO TRIP_TRANSPORTATION (Departure_Date_Time, Arrival_Date_Time, TransportID, TripID) VALUES ('2024-09-26 08:00:00', '2024-09-26 18:00:00', 12, 11);
INSERT INTO TRIP_TRANSPORTATION (Departure_Date_Time, Arrival_Date_Time, TransportID, TripID) VALUES ('2026-09-19 08:00:00', '2026-09-19 18:00:00', 16, 12);
INSERT INTO TRIP_TRANSPORTATION (Departure_Date_Time, Arrival_Date_Time, TransportID, TripID) VALUES ('2024-06-30 08:00:00', '2024-06-30 18:00:00', 3, 13);
INSERT INTO TRIP_TRANSPORTATION (Departure_Date_Time, Arrival_Date_Time, TransportID, TripID) VALUES ('2024-08-16 08:00:00', '2024-08-16 18:00:00', 16, 14);
INSERT INTO TRIP_TRANSPORTATION (Departure_Date_Time, Arrival_Date_Time, TransportID, TripID) VALUES ('2024-10-28 08:00:00', '2024-10-28 18:00:00', 10, 15);
INSERT INTO TRIP_TRANSPORTATION (Departure_Date_Time, Arrival_Date_Time, TransportID, TripID) VALUES ('2025-06-23 08:00:00', '2025-06-23 18:00:00', 16, 16);
INSERT INTO TRIP_TRANSPORTATION (Departure_Date_Time, Arrival_Date_Time, TransportID, TripID) VALUES ('2026-10-10 08:00:00', '2026-10-10 18:00:00', 3, 17);
INSERT INTO TRIP_TRANSPORTATION (Departure_Date_Time, Arrival_Date_Time, TransportID, TripID) VALUES ('2026-09-01 08:00:00', '2026-09-01 18:00:00', 15, 18);
INSERT INTO TRIP_TRANSPORTATION (Departure_Date_Time, Arrival_Date_Time, TransportID, TripID) VALUES ('2026-04-16 08:00:00', '2026-04-16 18:00:00', 5, 19);
INSERT INTO TRIP_TRANSPORTATION (Departure_Date_Time, Arrival_Date_Time, TransportID, TripID) VALUES ('2024-02-25 08:00:00', '2024-02-25 18:00:00', 18, 20);
